"Plant Name, Unit Number",NRC Reactor Unit Web Page ,Docket  Number,License Number,Location,NRC Region,Licensee,Parent Company Utility Name,Parent Company Website,Parent Company Notes,Reactor and Containment Type ,Nuclear Steam System Supplier and Design Type ,Architect-Engineer,Constructor ,Construction Permit Issued,Operating License Issued,Commercial Operation,Renewed Operating License Issued,Operating License Expires,Licensed MWt,Note,"2018 Capacity Factor(Percent)","2017 Capacity Factor(Percent)","2016 Capacity Factor(Percent)",2015 Capacity Factor (Percent),2014 Capacity Factor (Percent),2013 Capacity Factor (Percent),2012 Capacity Factor (Percent),2011 Capacity Factor (Percent),2010 Capacity Factor (Percent),2009 Capacity Factor (Percent),2008 Capacity Factor (Percent),,2005 Capacity Factor (Percent),2004 Capacity Factor (Percent),2003 Capacity Factor (Percent),,Years of Operation through 12/31/2019,
"Arkansas Nuclear One, Unit 1",ANO 1,05000313,DPR-51,"London, AR (6 MI WNW of Russellville,  AR)",4,"Entergy Operations, Inc.","Entergy Nuclear Operations, Inc.",www.entergy-nuclear.com,,PWR-DRYAMB,B&W LLP,BECH,BECH,06/12/1968,21/05/1974,19/12/1974,20/06/2001,20/05/2034,2568,,76%,87%,72%,82%,98%,56%,102%,87%,90%,99%,83%,,78%,92%,92%,,45,31/12/2019
"Arkansas Nuclear One, Unit 2",ANO 2,05000368,NPF-6,"London, AR (6 MI WNW of Russellville,  AR)",4,"Entergy Operations, Inc.","Entergy Nuclear Operations, Inc.",www.entergy-nuclear.com,,PWR-DRYAMB,CE,BECH,BECH,06/12/1972,01/09/1978,26/03/1980,30/06/2005,17/07/2038,3026,,82%,70%,94%,89%,85%,91%,93%,90%,97%,90%,91%,,91%,99%,90%,,41,
"Beaver Valley Power Station, Unit 1",Beaver Valley 1,05000334,DPR-66,"Shippingport, PA(17 MI W of McCandless,  PA)",1,FirstEnergy Nuclear Operating Co.,FirstEnergy Nuclear Operating Company,www.firstenergycorp.com,,PWR-DRYAMB,WEST 3LP,S&W,S&W,26/06/1970,02/07/1976,01/10/1976,05/11/2009,29/01/2036,2900,,92%,99%,91%,90%,86%,86%,92%,101%,91%,92%,101%,,101%,93%,83%,,43,
"Beaver Valley Power Station, Unit 2",Beaver Valley 2,05000412,NPF-73,"Shippingport, PA (17 MI W of McCandless,  PA)",1,FirstEnergy Nuclear Operating Co.,FirstEnergy Nuclear Operating Company,www.firstenergycorp.com,,PWR-DRYAMB,WEST 3LP,S&W,S&W,03/05/1974,14/08/1987,17/11/1987,05/11/2009,27/05/2047,2900,,90%,90%,97%,90%,98%,97%,91%,102%,84%,87%,103%,,93%,100%,91%,,32,
"Braidwood Station, Unit 1",Braidwood 1,05000456,NPF-72,"Braceville, IL (20 MI SSW of Joliet,  IL)",3,"Exelon Generation Co., LLC","Exelon Corporation, LLC",www.exeloncorp.com,,PWR-DRYAMB,WEST 4LP,S&L,CWE,31/12/1975,02/07/1987,29/07/1988,27/01/2016,17/10/2046,3645,,93%,98%,90%,93%,103%,95%,91%,101%,89%,95%,101%,,100%,95%,97%,,32,
"Braidwood Station, Unit 2",Braidwood 2,05000457,NPF-77,"Braceville, IL (20 MI SSW of Joliet,  IL)",3,"Exelon Generation Co., LLC","Exelon Corporation, LLC",www.exeloncorp.com,,PWR-DRYAMB,WEST 4LP,S&L,CWE,31/12/1975,20/05/1988,17/10/1988,27/01/2016,18/12/2047,3645,,92%,88%,95%,91%,96%,98%,93%,93%,99%,93%,92%,,94%,101%,96%,,31,
"Browns Ferry Nuclear Plant, Unit 1",Browns Ferry 1,05000259,DPR-33,"Limestone County, AL (10 miles south of Athens, AL  and 32 MI W of Huntsville,  AL)",2,Tennessee Valley Authority ,Tennessee Valley Authority,www.tva.gov,,BWR-MARK 1,GE 4,TVA,TVA,10/05/1967,20/12/1973,01/08/1974,04/05/2006,20/12/2033,3952,,82%,97%,83%,94%,90%,94%,88%,91%,86%,94%,88%,,,,,,46,
"Browns Ferry Nuclear Plant, Unit 2",Browns Ferry 2,05000260,DPR-52,"Limestone County, AL (10 miles south of Athens, AL  and 32 MI W of Huntsville,  AL)",2,Tennessee Valley Authority ,Tennessee Valley Authority,www.tva.gov,,BWR-MARK 1,GE 4,TVA,TVA,10/05/1967,28/06/1974,01/03/1975,04/05/2006,28/06/2034,3952,,97%,83%,94%,85%,98%,79%,99%,80%,91%,94%,98%,,90%,100%,86%,,45,
"Browns Ferry Nuclear Plant, Unit 3",Browns Ferry 3,05000296,DPR-68,"Limestone County, AL (10 miles south of Athens, AL  and 32 MI W of Huntsville,  AL)",2,Tennessee Valley Authority ,Tennessee Valley Authority,www.tva.gov,,BWR-MARK 1,GE 4,TVA,TVA,31/07/1968,02/07/1976,01/03/1977,04/05/2006,02/07/2036,3952,,76%,93%,80%,92%,88%,89%,83%,87%,81%,95%,81%,,94%,89%,96%,,43,
"Brunswick Steam Electric Plant, Unit 1",Brunswick 1,05000325,DPR-71,"Southport, NC (20 MI S of Wilmington, NC)",2,"Duke Energy Progress, LLC",Duke Energy,www.duke-energy.com,,BWR-MARK 1,GE 4,UE&C,BRRT,07/02/1970,08/09/1976,18/03/1977,26/06/2006,08/09/2036,2923,,85%,93%,83%,93%,89%,92%,77%,100%,83%,98%,85%,,94%,86%,101%,,43,
"Brunswick Steam Electric Plant, Unit 2",Brunswick 2,05000324,DPR-62,"Southport, NC (20 MI S of Wilmington, NC)",2,"Duke Energy Progress, LLC",Duke Energy,www.duke-energy.com,,BWR-MARK 1,GE 4,UE&C,BRRT,07/02/1970,27/12/1974,03/11/1975,26/06/2006,27/12/2034,2923,,93%,82%,92%,81%,98%,73%,98%,79%,99%,80%,95%,,86%,98%,99%,,45,
"Byron Station, Unit 1",Byron 1,05000454,NPF-37,"Byron, Il (17 MI SW of Rockford,  IL)",3,"Exelon Generation Co., LLC","Exelon Corporation, LLC",www.exeloncorp.com,,PWR-DRYAMB,WEST 4LP,S&L,CWE,31/12/1975,14/02/1985,16/09/1985,19/11/2015,31/10/2044,3645,,94%,89%,97%,88%,97%,96%,88%,88%,101%,94%,95%,,94%,102%,94%,,34,
"Byron Station, Unit 2",Byron 2,05000455,NPF-66,"Byron, Il (17 MI SW of Rockford,  IL)",3,"Exelon Generation Co., LLC","Exelon Corporation, LLC",www.exeloncorp.com,,PWR-DRYAMB,WEST 4LP,S&L,CWE,31/12/1975,30/01/1987,02/08/1987,19/11/2015,06/11/2046,3645,,100%,89%,86%,94%,94%,86%,94%,93%,96%,102%,96%,,96%,96%,101%,,32,
Callaway Plant,Callaway,05000483,NPF-30,"Fulton, MO (25 MI ENE of Jefferson City,  MO)",4,Union Electric Co.,AmerenUE,www.ameren.com,Strategic Teaming and Resource Sharing (STARS) group. They share resources for refueling outages and develop some shared licensing applications.,PWR-DRYAMB,WEST 4LP,BECH,DANI,16/04/1976,18/10/1984,19/12/1984,06/03/2015,18/10/2044,3565,,100%,77%,87%,96%,89%,77%,103%,90%,86%,98%,90%,,77%,78%,97%,,35,
"Calvert Cliffs Nuclear Power Plant, Unit 1",Calvert Cliffs 1,05000317,DPR-53,"Lusby, MD (40 MI S of Annapolis,  MD)",1,"Calvert Cliffs Nuclear Power Plant, LLC - Owner
Exelon Generation Company, LLC - Operator","Exelon Corporation, LLC",www.exeloncorp.com,,PWR-DRYAMB,CE,BECH,BECH,07/07/1969,31/07/1974,08/05/1975,23/03/2000,31/07/2034,2737,,92%,97%,89%,97%,91%,97%,81%,101%,90%,98%,93%,,100%,92%,102%,,45,
"Calvert Cliffs Nuclear Power Plant, Unit 2",Calvert Cliffs 2,05000318,DPR-69,"Lusby, MD (40 MI S of Annapolis,  MD)",1,"Calvert Cliffs Nuclear Power Plant, LLC - Owner
Exelon Generation Company, LLC - Operator","Exelon Corporation, LLC",www.exeloncorp.com,,PWR-DRYAMB,CE,BECH,BECH,07/07/1969,13/08/1976,01/04/1977,23/03/2000,13/08/2036,2737,,100%,91%,95%,86%,100%,81%,101%,92%,97%,93%,99%,,94%,100%,82%,,43,
"Catawba Nuclear Station, Unit 1",Catawba 1,05000413,NPF-35,"York, SC (18 MI S of Charlotte, NC)",2,"Duke Energy Carolinas, LLC",Duke Energy,www.duke-energy.com,,PWR-ICECND,WEST 4LP,DUKE,DUKE,07/08/1975,17/01/1985,29/06/1985,05/12/2003,05/12/2043,3469,,93%,90%,97%,88%,86%,96%,89%,89%,100%,91%,89%,,93%,98%,83%,,34,
"Catawba Nuclear Station, Unit 2",Catawba 2,05000414,NPF-52,"York, SC (18 MI S of Charlotte, NC)",2,"Duke Energy Carolinas, LLC",Duke Energy,www.duke-energy.com,,PWR-ICECND,WEST 4LP,DUKE,DUKE,07/08/1975,15/05/1986,19/08/1986,05/12/2003,05/12/2043,3469,,91%,96%,88%,86%,100%,86%,92%,101%,92%,90%,103%,,102%,89%,94%,,33,
"Clinton Power Station, Unit 1",Clinton,05000461,NPF-62,"Clinton, IL (23 MI SSE of Bloomington, IL)",3,"Exelon Generation Co., LLC","Exelon Corporation, LLC",www.exeloncorp.com,,BWR-MARK 3,GE 6,S&L,BALD,24/02/1976,17/04/1987,24/11/1987,N/A,29/09/2026,3473,,88%,84%,89%,87%,97%,82%,100%,93%,92%,97%,99%,,94%,88%,97%,,32,
Columbia Generating Station,Columbia Generating Station,05000397,NPF-21,"Richland, WA (20 MI NNE of Pasco, WA)",4,Energy Northwest,Energy Northwest,www.energy-northwest.com,,BWR-MARK 2,GE 5,B&R,BECH,19/03/1973,13/04/1984,13/12/1984,22/05/2012,20/12/2043,3544,,96%,77%,92%,78%,98%,80%,97%,50%,95%,67%,93%,,83%,91%,79%,,35,
"Comanche Peak Nuclear Power Plant, Unit 1",Comanche Peak 1,05000445,NPF-87,"Glen Rose, TX (40 MI SW of Fort Worth, TX)",4,"Comanche Peak Power Company LLC - Owner
Vistra Operations Company LLC - Operator",Vistra Energy Corp.,www.vistraenergy.com/,Member of the Utilities Services Alliance,PWR-DRYAMB,WEST 4LP,G&H,BRRT,19/12/1974,17/04/1990,13/08/1990,N/A,08/02/2030,3612,,100%,91%,92%,100%,85%,94%,98%,91%,91%,100%,96%,,92%,90%,101%,,29,
"Comanche Peak Nuclear Power Plant, Unit 2",Comanche Peak 2,05000446,NPF-89,"Glen Rose, TX (40 MI SW of Fort Worth, TX)",4,"Comanche Peak Power Company LLC - Owner
Vistra Operations Company LLC - Operator",Vistra Energy Corp.,www.vistraenergy.com/,Member of the Utilities Services Alliance,PWR-DRYAMB,WEST 4LP,BECH,BRRT,19/12/1974,06/04/1993,03/08/1993,N/A,02/02/2033,3612,,93%,68%,100%,88%,93%,99%,91%,92%,104%,94%,95%,,92%,99%,83%,,26,
Cooper Nuclear Station ,Cooper,05000298,DPR-46,"Brownville, NE (23 MI S of Nebraska City,  NE)",4,Nebraska Public Power District,Nebraska Public Power District, www.nppd.com,,BWR-MARK 1,GE 4,B&R,B&R,04/06/1968,18/01/1974,01/07/1974,29/11/2010,18/01/2034,2419,,81%,99%,84%,97%,88%,97%,87%,86%,100%,72%,90%,,89%,93%,68%,,45,
"Davis-Besse Nuclear Power Station, Unit 1",Davis-Besse,05000346,NPF-3,"Oak Harbor, OH (21 MI ESE of Toledo,  OH)",3,FirstEnergy Nuclear Operating Co.,FirstEnergy Nuclear Operating Company,www.firstenergycorp.com,,PWR-DRYAMB,B&W RLP,BECH,B&W,24/03/1971,22/04/1977,31/07/1978,08/12/2015,22/04/2037,2817,,93%,97%,79%,97%,74%,95%,91%,81%,66%,99%,97%,,94%,75%,-1%,,42,
"Diablo Canyon Nuclear Power Plant, Unit 1",Diablo Canyon 1,05000275,DPR-80,"Avila Beach, CA (12 MI WSW of San Luis Obispo,  CA)",4,Pacific Gas & Electric Co.,Pacific Gas & Electric Company,www.pge.com,Strategic Teaming and Resource Sharing (STARS) group. They share resources for refueling outages and develop some shared licensing applications.,PWR-DRYAMB,WEST 4LP,PG&E,PG&E,23/04/1968,02/11/1984,07/05/1985,Application Withdrawn,02/11/2024,3411,,98%,81%,98%,87%,87%,95%,84%,100%,88%,84%,98%,,87%,76%,101%,,35,
"Diablo Canyon Nuclear Power Plant, Unit 2",Diablo Canyon 2,05000323,DPR-82,"Avila Beach, CA (12 MI WSW of San Luis Obispo,  CA)",4,Pacific Gas & Electric Co.,Pacific Gas & Electric Company,www.pge.com,Strategic Teaming and Resource Sharing (STARS) group. They share resources for refueling outages and develop some shared licensing applications.,PWR-DRYAMB,WEST 4LP,PG&E,PG&E,09/12/1970,26/08/1985,13/03/1986,Application Withdrawn,26/08/2025,3411,,87%,95%,88%,95%,86%,82%,97%,89%,100%,84%,74%,,99%,84%,81%,,34,
"Donald C. Cook Nuclear Plant, Unit 1",D.C. Cook 1,05000315,DPR-58,"Bridgman, MI (13 M S of Benton Harbor, MI)",3,Indiana Michigan Power Co.,Indiana Michigan Power Company,www.indianamichiganpower.com,,PWR-ICECND,WEST 4LP,AEP,AEP,25/03/1969,25/10/1974,28/08/1975,30/08/2005,25/10/2034,3304,,100%,72%,82%,78%,94%,78%,104%,87%,88%,3%,64%,,91%,99%,74%,,45,
"Donald C. Cook Nuclear Plant, Unit 2",D.C. Cook 2 ,05000316,DPR-74,"Bridgman, MI (13 M S of Benton Harbor, MI)",3,Indiana Michigan Power Co.,Indiana Michigan Power Company,www.indianamichiganpower.com,,PWR-ICECND,WEST 4LP,AEP,AEP,25/03/1969,23/12/1977,01/07/1978,30/08/2005,23/12/2037,3468,,79%,104%,71%,79%,101%,85%,91%,104%,84%,87%,101%,,100%,84%,75%,,42,
"Dresden Nuclear Power Station, Unit 2",Dresden 2,05000237,DPR-19,"Morris, IL (25 M SW of Joliet, IL)",3,"Exelon Generation Co., LLC","Exelon Corporation, LLC",www.exeloncorp.com,,BWR-MARK 1,GE 3,S&L,UE&C,10/01/1966,22/12/1969,09/06/1970,28/10/2004,22/12/2029,2957,"AEC issued a provisional OL on 12/22/1969, allowing commercial operations. The NRC issued a full-term OL on 02/20/1991.",99%,84%,91%,83%,98%,85%,104%,95%,102%,91%,98%,,87%,78%,90%,,50,
"Dresden Nuclear Power Station, Unit 3",Dresden 3,05000249,DPR-25,"Morris, IL (25 M SW of Joliet, IL)",3,"Exelon Generation Co., LLC","Exelon Corporation, LLC",www.exeloncorp.com,,BWR-MARK 1,GE 3,S&L,UE&C,14/10/1966,12/01/1971,16/11/1971,28/10/2004,12/01/2031,2957,,94%,91%,84%,89%,95%,89%,91%,99%,90%,97%,93%,,93%,85%,94%,,48,
Duane Arnold Energy Center,Duane Arnold,05000331,DPR-49,"Palo, IA (8 MI NW of Cedar Rapids,  IA)",3,"NextEra Duane Arnold, LLC","NextEra Energy, Inc. with principal subsidiaries  Florida Power & Light Co. and NextEra Energy Resources, LLC",nexteraenergy.com,,BWR-MARK 1,GE 4,BECH,BECH,22/06/1970,22/02/1974,01/02/1975,16/12/2010,21/02/2034,1912,"In a letter dated January 18, 2019, NextEra Energy Duane Arnold, LLC. Certified their decision to permanently cease power operations at the Duane Arnold Energy Center (DAEC) in the fourth quarter of 2020.",93%,88%,79%,88%,79%,89%,83%,99%,89%,92%,103%,,89%,100%,81%,,45,
"Edwin I. Hatch Nuclear Plant, Unit 1",Hatch 1,05000321,DPR-57,"Baxley , GA (20 MI S of Vidalia,  GA)",2,Southern Nuclear Operating Co. ,Southern Nuclear Operating Company,www.southerncompany.com,,BWR-MARK 1,GE 4,BECH,GPC,30/09/1969,13/10/1974,31/12/1975,15/01/2002,06/08/2034,2804,,91%,97%,93%,101%,89%,94%,89%,98%,85%,94%,84%,,91%,90%,95%,,45,
"Edwin I. Hatch Nuclear Plant, Unit 2",Hatch 2,05000366,NPF-5,"Baxley , GA (20 MI S of Vidalia,  GA)",2,Southern Nuclear Operating Co. ,Southern Nuclear Operating Company,www.southerncompany.com,,BWR-MARK 1,GE 4,BECH,GPC,27/12/1972,13/06/1978,05/09/1979,15/01/2002,13/06/2038,2804,,95%,95%,101%,91%,99%,89%,98%,78%,96%,67%,96%,,87%,97%,90%,,41,
"Fermi, Unit 2",Fermi 2,05000341,NPF-43,"Newport, MI (25 MI NE of Toledo,  OH)",3,DTE Electric Company,DTE Electric Company (DTE),www.dteenergy.com,,BWR-MARK 1,GE 4,S&L,DANI,26/09/1972,20/03/1985,23/01/1988,15/12/2016,20/03/2045,3486,,75%,82%,86%,69%,82%,62%,54%,94%,80%,75%,98%,,90%,87%,83%,,34,
"Grand Gulf Nuclear Station, Unit 1",Grand Gulf 1,05000416,NPF-29,"Port Gibson, MS (20 MI S of Vicksburg,  MS)",4,"Entergy Operations, Inc.","Entergy Nuclear Operations, Inc.",www.entergy-nuclear.com,,BWR-MARK 3,GE 6,BECH,BECH,04/09/1974,01/11/1984,01/07/1985,01/12/2016,01/11/2044,4408,,57%,58%,47%,93%,82%,86%,70%,94%,88%,100%,86%,,91%,92%,99%,,35,
"H. B. Robinson Steam Electric Plant, Unit 2",Robinson 2,05000261,DPR-23,"Hartsville, SC (26 MI NW of Florence,  SC)",2,"Duke Energy Progress, LLC",Duke Energy,www.duke-energy.com,,PWR-DRYAMB,WEST 3LP,EBSO,EBSO,13/04/1967,31/07/1970,07/03/1971,19/04/2004,31/07/2030,2339,,79%,88%,95%,85%,86%,85%,85%,100%,57%,104%,87%,,93%,92%,104%,,49,
"Hope Creek Generating Station, Unit 1",Hope Creek 1,05000354,NPF-57,"Hancocks Bridge, NJ (18 MI SE of Wilmington,  DE)",1,"PSEG Nuclear, LLC","PSEG Nuclear, LLC",www.pseg.com,,BWR-MARK 1,GE 4,BECH,BECH,04/11/1974,25/07/1986,20/12/1986,20/07/2011,11/04/2046,3902,,90%,94%,85%,83%,102%,80%,93%,103%,93%,95%,108%,,83%,65%,79%,,33,
"Indian Point Nuclear Generating, Unit 2",Indian Point 2,05000247,DPR-26,"Buchanan, NY (24 MI N of New York,  NY)",1,"Entergy Nuclear Operations, Inc.","Entergy Nuclear Operations, Inc.",www.entergy-nuclear.com,,PWR-DRYAMB,WEST 4LP,UE&C,WDCO,14/10/1966,28/09/1973,01/08/1974,17/09/2018,30/04/2024,3216,,90%,73%,53%,77%,93%,77%,90%,98%,82%,98%,91%,,99%,88%,99%,,46,
"Indian Point Nuclear Generating, Unit 3",Indian Point 3,05000286,DPR-64,"Buchanan, NY (24 MI N of New York,  NY)",1,"Entergy Nuclear Operations, Inc.","Entergy Nuclear Operations, Inc.",www.entergy-nuclear.com,,PWR-DRYAMB,WEST 4LP,UE&C,WDCO,13/08/1969,12/12/1975,30/08/1976,17/09/2018,30/04/2025,3216,,92%,78%,102%,86%,98%,94%,100%,90%,99%,85%,107%,,90%,101%,88%,,44,
James A. FitzPatrick Nuclear Power Plant,FitzPatrick,05000333,DPR-59,"Scriba, NY (6 MI NE of Oswego,  NY)",1,"Exelon Generation Co., LLC","Exelon Corporation, LLC",www.exeloncorp.com,,BWR-MARK 1,GE 4,S&W,S&W,20/05/1970,17/10/1974,28/07/1975,08/09/2008,17/10/2034,2536,,89%,80%,76%,96%,79%,89%,84%,97%,85%,99%,89%,,95%,87%,96%,,45,
"Joseph M. Farley Nuclear Plant, Unit 1",Farley 1,05000348,NPF-2,"Columbia, AL (18 MI E of Dothan,  AL)",2,Southern Nuclear Operating Co. ,Southern Nuclear Operating Company,www.southerncompany.com,,PWR-DRYAMB,WEST 3LP,SSI,DANI,16/08/1972,25/06/1977,01/12/1977,12/05/2005,25/06/2037,2775,,84%,100%,86%,86%,102%,90%,91%,101%,88%,90%,97%,,99%,86%,91%,,42,
"Joseph M. Farley Nuclear Plant, Unit 2",Farley 2,05000364,NPF-8,"Columbia, AL (18 MI E of Dothan,  AL)",2,Southern Nuclear Operating Co. ,Southern Nuclear Operating Company,www.southerncompany.com,,PWR-DRYAMB,WEST 3LP,SSI,BECH,16/08/1972,31/03/1981,30/07/1981,12/05/2005,31/03/2041,2775,,99%,91%,90%,98%,89%,91%,104%,89%,88%,96%,90%,,84%,89%,100%,,38,
"LaSalle County Station, Unit  1",La Salle 1,05000373,NPF-11,"Marseilles, IL (11 MI SE of Ottawa,  IL)",3,"Exelon Generation Co., LLC","Exelon Corporation, LLC",www.exeloncorp.com,,BWR-MARK 2,GE 5,S&L,CWE,10/09/1973,17/04/1982,01/01/1984,19/10/2016,17/04/2042,3546,,92%,96%,89%,99%,93%,95%,97%,101%,94%,99%,100%,,100%,92%,92%,,37,
"LaSalle County Station, Unit  2",La Salle 2,05000374,NPF-18,"Marseilles, IL (11 MI SE of Ottawa,  IL)",3,"Exelon Generation Co., LLC","Exelon Corporation, LLC",www.exeloncorp.com,,BWR-MARK 2,GE 5,S&L,CWE,10/09/1973,16/12/1983,19/10/1984,19/10/2016,16/12/2043,3546,,98%,88%,95%,83%,95%,88%,103%,96%,101%,93%,94%,,91%,101%,91%,,36,
"Limerick Generating Station, Unit 1",Limerick 1,05000352,NPF-39,"Limerick, PA (21 MI NW of Philadelphia,  PA)",1,"Exelon Generation Co., LLC","Exelon Corporation, LLC",www.exeloncorp.com,,BWR-MARK 2,GE 4,BECH,BECH,19/06/1974,08/08/1985,01/02/1986,20/10/2014,26/10/2044,3515,,92%,100%,93%,100%,91%,101%,85%,96%,91%,101%,95%,,99%,95%,101%,,34,
"Limerick Generating Station, Unit 2",Limerick 2,05000353,NPF-85,"Limerick, PA (21 MI NW of Philadelphia,  PA)",1,"Exelon Generation Co., LLC","Exelon Corporation, LLC",www.exeloncorp.com,,BWR-MARK 2,GE 4,BECH,BECH,19/06/1974,25/08/1989,08/01/1990,20/10/2014,22/06/2049,3515,,99%,86%,101%,89%,99%,94%,95%,90%,99%,94%,101%,,91%,99%,94%,,30,
"McGuire Nuclear Station, Unit 1",McGuire 1,05000369,NPF-9,"Huntersville, NC (17 MI N of Charlotte,  NC)",2,"Duke Energy Carolinas, LLC",Duke Energy,www.duke-energy.com,,PWR-ICECND,WEST 4LP,DUKE,DUKE,23/02/1973,27/05/1981,01/12/1981,05/12/2003,03/03/2041,3411,,100%,90%,89%,95%,82%,82%,105%,94%,92%,104%,87%,,93%,85%,103%,,38,
"McGuire Nuclear Station, Unit 2",McGuire 2,05000370,NPF-17,"Huntersville, NC (17 MI N of Charlotte,  NC)",2,"Duke Energy Carolinas, LLC",Duke Energy,www.duke-energy.com,,PWR-ICECND,WEST 4LP,DUKE,DUKE,23/02/1973,27/05/1983,01/03/1984,05/12/2003,03/03/2043,3411,,92%,86%,97%,87%,94%,95%,82%,91%,104%,94%,90%,,89%,103%,94%,,36,
"Millstone Power Station, Unit 2",Millstone 2,05000336,DPR-65,"Waterford, CT (3.2 MI WSW of New London,  CT)",1,"Dominion Nuclear Conneticut, Inc.",Dominion Generation,www.dom.com,,PWR-DRYAMB,CE,BECH,BECH,11/12/1970,26/09/1975,26/12/1975,28/11/2005,31/07/2035,2700,,82%,85%,93%,85%,85%,95%,83%,87%,97%,81%,86%,,88%,98%,80%,,44,
"Millstone Power Station, Unit 3",Millstone 3,05000423,NPF-49,"Waterford, CT (3.2 MI WSW of New London,  CT)",1,"Dominion Nuclear Conneticut, Inc.",Dominion Generation,www.dom.com,,PWR-DRYSUB,WEST 4LP,S&W,S&W,09/08/1974,31/01/1986,23/04/1986,28/11/2005,25/11/2045,3650,,100%,89%,83%,97%,87%,87%,100%,87%,86%,105%,88%,,86%,88%,101%,,33,
"Monticello Nuclear Generating Plant, Unit 1",Monticello,05000263,DPR-22,"Monticello, MN (30 MI NW of Minneapolis,  MN)",3,Northern States Power Company - Minnesota,Northern States Power Company Minnesota doing business as Xcel Energy,www.xcelenergy.com,,BWR-MARK 1,GE 3,BECH,BECH,19/06/1967,08/09/1970,30/06/1971,08/11/2006,08/09/2030,2004,"AEC issued a provisional OL on 09/08/1970, allowing commercial operation. The NRC issued a full-term OL on 01/09/1981.",99%,86%,93%,78%,78%,50%,101%,69%,94%,83%,97%,,89%,101%,92%,,49,
"Nine Mile Point Nuclear Station, Unit 1",Nine Mile Point 1,05000220,DPR-63,"Scriba, NY (6 MI NE of Oswego,  NY)",1,"Nine Mile Point Nuclear Station, LLC - Owner
Exelon Generation Company, LLC - Operator","Exelon Corporation, LLC",www.exeloncorp.com,,BWR-MARK 1,GE 2,NIAG,S&W,12/04/1965,26/12/1974,01/12/1969,31/10/2006,22/08/2029,1850,"AEC issued a provisional OL on 08/22/1969, allowing commercial operation. The NRC issued a full-term OL on 12/26/1974.",99%,87%,96%,88%,98%,88%,87%,84%,97%,92%,98%,,85%,92%,80%,,45,
"Nine Mile Point Nuclear Station, Unit 2",Nine Mile Point 2,05000410,NPF-69,"Scriba, NY (6 MI NE of Oswego,  NY)",1,"Nine Mile Point Nuclear Station, LLC - Owner
Exelon Generation Company, LLC - Operator","Exelon Corporation, LLC",www.exeloncorp.com,,BWR-MARK 2,GE 5,S&W,S&W,24/06/1974,02/07/1987,11/03/1988,31/10/2006,31/10/2046,3988,,90%,101%,92%,100%,87%,99%,83%,95%,89%,99%,90%,,100%,86%,96%,,32,
"North Anna Power Station, Unit 1",North Anna 1,05000338,NPF-4,"Mineral (Louisa County), VA (40 MI NW of Richmond,  VA)",2,Virginia Electric & Power Co.,Dominion Generation,www.dom.com,,PWR-DRYSUB,WEST 3LP,S&W,S&W,19/02/1971,01/04/1978,06/06/1978,20/03/2003,01/04/2038,2940,,90%,99%,89%,91%,100%,89%,89%,78%,86%,92%,101%,,95%,91%,81%,,41,
"North Anna Power Station, Unit 2",North Anna 2,05000339,NPF-7,"Mineral (Louisa County), VA (40 MI NW of Richmond,  VA)",2,Virginia Electric & Power Co.,Dominion Generation,www.dom.com,,PWR-DRYSUB,WEST 3LP,S&W,S&W,19/02/1971,21/08/1980,14/12/1980,20/03/2003,21/08/2040,2940,,99%,89%,87%,99%,92%,85%,99%,76%,100%,100%,82%,,87%,92%,90%,,39,
"Oconee Nuclear Station, Unit 1",Oconee 1,05000269,DPR-38,"Seneca, SC (30 MI W of Greenville,  SC)",2,"Duke Energy Carolinas, LLC",Duke Energy,www.duke-energy.com,,PWR-DRYAMB,B&W LLP,DBDB,DUKE,06/11/1967,06/02/1973,15/07/1973,23/05/2000,06/02/2033,2568,,90%,95%,83%,96%,91%,91%,90%,79%,100%,85%,84%,,91%,98%,71%,,46,
"Oconee Nuclear Station, Unit 2",Oconee 2,05000270,DPR-47,"Seneca, SC (30 MI W of Greenville,  SC)",2,"Duke Energy Carolinas, LLC",Duke Energy,www.duke-energy.com,,PWR-DRYAMB,B&W LLP,DBDB,DUKE,06/11/1967,06/10/1973,09/09/1974,23/05/2000,06/10/2033,2568,,100%,88%,98%,89%,101%,82%,102%,93%,91%,103%,86%,,90%,76%,102%,,46,
"Oconee Nuclear Station, Unit 3",Oconee 3,05000287,DPR-55,"Seneca, SC (30 MI W of Greenville,  SC)",2,"Duke Energy Carolinas, LLC",Duke Energy,www.duke-energy.com,,PWR-DRYAMB,B&W LLP,DBDB,DUKE,06/11/1967,19/07/1974,16/12/1974,23/05/2000,19/07/2034,2568,,92%,97%,91%,97%,92%,97%,86%,103%,91%,94%,102%,,98%,77%,85%,,45,
Palisades Nuclear Plant,Palisades,05000255,DPR-20,"Covert, MI (5 MI S of South Haven,  MI)",3,"Entergy Nuclear Operations, Inc.","Entergy Nuclear Operations, Inc.",www.entergy-nuclear.com,,PWR-DRYAMB,CE,BECH,BECH,14/03/1967,24/03/1971,31/12/1971,17/01/2007,24/03/2031,2565.4,"AEC issued a provisional OL on 03/24/1971, allowing commercial operation. The NRC issued a full-term OL on 02/21/1991.",77%,86%,99%,89%,86%,85%,74%,96%,92%,90%,99%,,79%,92%,95%,,48,
"Palo Verde Nuclear Generating Station, Unit 1",Palo Verde 1,05000528,NPF-41,"Wintersburg, AZ (50 MI W of Phoenix,  AZ)",4,Arizona Public Service Company,Arizona Public Service Company,www.aps.com,Strategic Teaming and Resource Sharing (STARS) group. They share resources for refueling outages and develop some shared licensing applications.,PWR-DRYAMB,CE80-2L,BECH,BECH,25/05/1976,01/06/1985,28/01/1986,21/04/2011,01/06/2045,3990,,97%,85%,83%,94%,90%,85%,100%,83%,81%,101%,86%,,63%,85%,97%,,34,
"Palo Verde Nuclear Generating Station, Unit 2",Palo Verde 2,0'5000529,NPF-51,"Wintersburg, AZ (50 MI W of Phoenix,  AZ)",4,Arizona Public Service Company,Arizona Public Service Company,www.aps.com,Strategic Teaming and Resource Sharing (STARS) group. They share resources for refueling outages and develop some shared licensing applications.,PWR-DRYAMB,CE80-2L,BECH,BECH,25/05/1976,24/04/1986,19/09/1986,21/04/2011,24/04/2046,3990,,82%,86%,95%,85%,90%,91%,90%,91%,101%,83%,74%,,82%,92%,72%,,33,
"Palo Verde Nuclear Generating Station, Unit 3",Palo Verde 3,05000530,NPF-74,"Wintersburg, AZ (50 MI W of Phoenix,  AZ)",4,Arizona Public Service Company,Arizona Public Service Company,www.aps.com,Strategic Teaming and Resource Sharing (STARS) group. They share resources for refueling outages and develop some shared licensing applications.,PWR-DRYAMB,CE80-2L,BECH,BECH,25/05/1976,25/11/1987,08/01/1988,21/04/2011,25/11/2047,3990,,90%,92%,85%,85%,101%,79%,88%,97%,89%,83%,97%,,84%,75%,88%,,32,
"Peach Bottom Atomic Power Station, Unit 2",Peach Bottom 2,05000277,DPR-44,"Delta, PA (17.9 MI S of Lancaster,  PA)",1,"Exelon Generation Co., LLC","Exelon Corporation, LLC",www.exeloncorp.com,,BWR-MARK 1,GE 4,BECH,BECH,31/01/1968,25/10/1973,05/07/1974,07/05/2003,08/08/2033,4016,,94%,92%,96%,99%,88%,100%,88%,101%,92%,102%,89%,,98%,91%,95%,,46,
"Peach Bottom Atomic Power Station, Unit 3",Peach Bottom 3,05000278,DPR-56,"Delta, PA (17.9 MI S of Lancaster,  PA)",1,"Exelon Generation Co., LLC","Exelon Corporation, LLC",www.exeloncorp.com,,BWR-MARK 1,GE 4,BECH,BECH,31/01/1968,02/07/1974,23/12/1974,07/05/2003,02/07/2034,4016,,94%,86%,95%,75%,103%,85%,103%,90%,100%,89%,99%,,91%,102%,91%,,45,
"Perry Nuclear Power Plant, Unit 1",Perry 1,05000440,NPF-58,"Perry, OH (35 MI NE of Cleveland,  OH)",3,FirstEnergy Nuclear Operating Co.,FirstEnergy Nuclear Operating Company,www.firstenergycorp.com,,BWR-MARK 3,GE 6,GIL,KAIS,03/05/1977,13/11/1986,18/11/1987,N/A,18/03/2026,3758,,99%,85%,91%,83%,96%,73%,92%,79%,98%,67%,98%,,71%,94%,79%,,33,
"Point Beach Nuclear Plant, Unit 1",Point Beach 1,05000266,DPR-24,"Two Rivers, WI (13 MI NNW of Manitowoc,  WI)",3,"NextEra Energy Point Beach, LLC","NextEra Energy, Inc. with principal subsidiaries  Florida Power & Light Co. and NextEra Energy Resources, LLC",nexteraenergy.com,,PWR-DRYAMB,WEST 2LP,BECH,BECH,19/07/1967,05/10/1970,21/12/1970,22/12/2005,05/10/2030,1800,,99%,86%,86%,92%,90%,84%,100%,79%,88%,98%,87%,,81%,81%,97%,,49,
"Point Beach Nuclear Plant, Unit 2",Point Beach 2,05000301,DPR-27,"Two Rivers, WI (13 MI NNW of Manitowoc,  WI)",3,"NextEra Energy Point Beach, LLC","NextEra Energy, Inc. with principal subsidiaries  Florida Power & Light Co. and NextEra Energy Resources, LLC",nexteraenergy.com,,PWR-DRYAMB,WEST 2LP,BECH,BECH,25/07/1968,08/03/1973,01/10/1972,22/12/2005,08/03/2033,1800,AEC issued a provisional OL on 11/18/1971. The NRC issued a full-term OL on 03/08/1973.,94%,85%,94%,86%,90%,93%,89%,67%,96%,84%,89%,,72%,97%,83%,,46,
"Prairie Island Nuclear Generating Plant, Unit 1",Prairie Island 1,05000282,DPR-42,"Welch, MN (28 MI SE of Minneapolis,  MN)",3,Northern States Power Co. Minnesota ,Northern States Power Company Minnesota doing business as Xcel Energy,www.xcelenergy.com,,PWR-DRYAMB,WEST 2LP,FLUR,NSP,25/06/1968,05/04/1974,16/12/1973,27/06/2011,09/08/2033,1677,AEC issued a provisional OL on 08/09/1973. The NRC issued a full-term OL on 04/05/1974.,89%,88%,81%,77%,84%,90%,81%,91%,96%,97%,84%,,99%,79%,101%,,45,
"Prairie Island Nuclear Generating Plant, Unit 2",Prairie Island 2,05000306,DPR-60,"Welch, MN (28 MI SE of Minneapolis,  MN)",3,Northern States Power Co. Minnesota ,Northern States Power Company Minnesota doing business as Xcel Energy,www.xcelenergy.com,,PWR-DRYAMB,WEST 2LP,FLUR,NSP,25/06/1968,29/10/1974,21/12/1974,27/06/2011,29/10/2034,1677,,100%,80%,78%,65%,101%,59%,74%,99%,86%,75%,85%,,84%,102%,93%,,45,
"Quad Cities Nuclear Power Station, Unit 1",Quad Cities 1,05000254,DPR-29,"Cordova, IL (20 MI NE of Moline,  IL)",3,"Exelon Generation Co., LLC","Exelon Corporation, LLC",www.exeloncorp.com,,BWR-MARK 1,GE 3,S&L,UE&C,15/02/1967,14/12/1972,18/02/1973,28/10/2004,14/12/2032,2957,,99%,85%,92%,83%,103%,85%,102%,92%,99%,82%,96%,,83%,85%,90%,,47,
"Quad Cities Nuclear Power Station, Unit 2",Quad Cities 2,05000265,DPR-30,"Cordova, IL (20 MI NE of Moline,  IL)",3,"Exelon Generation Co., LLC","Exelon Corporation, LLC",www.exeloncorp.com,,BWR-MARK 1,GE 3,S&L,UE&C,15/02/1967,14/12/1972,10/03/1973,28/10/2004,14/12/2032,2957,,92%,89%,85%,95%,90%,91%,92%,104%,92%,91%,86%,,93%,81%,92%,,47,
R.E. Ginna Nuclear Power Plant,Ginna,05000244,DPR-18,"Ontario, NY (20 MI NE of Rochester,  NY)",1,"R.E. Ginna Nuclear Power Plant, LLC","Exelon Corporation, LLC",www.exeloncorp.com,,PWR-DRYAMB,WEST 2LP,GIL,BECH,25/04/1966,19/09/1969,01/07/1970,19/05/2004,18/09/2029,1775,,93%,87%,94%,89%,91%,93%,90%,84%,97%,91%,109%,,92%,99%,89%,,50,
"River Bend Station, Unit 1",River Bend 1,05000458,NPF-47,"St. Francisville, LA (24 MI NNW of Baton Rouge,  LA)",4,"Entergy Operations, Inc.","Entergy Corporation, Inc.",www.entergy-nuclear.com,,BWR-MARK 3,GE 6,S&W,S&W,25/03/1977,20/11/1985,16/06/1986,20/12/2018,29/08/2045,3091,,82%,77%,78%,76%,96%,84%,91%,90%,98%,113%,82%,,93%,87%,89%,,34,
"St. Lucie Plant, Unit 1",Saint Lucie 1,05000335,DPR-67,"Jensen Beach, FL (10 MI SE of Ft. Pierce,  FL)",2,Florida Power & Light Co.,"NextEra Energy, Inc. with principal subsidiaries  Florida Power & Light Co. and NextEra Energy Resources, LLC",nexteraenergy.com,,PWR-DRYAMB,CE,EBSO,EBSO,01/07/1970,01/03/1976,21/12/1976,02/10/2003,01/03/2036,3020,,91%,90%,73%,83%,101%,74%,72%,85%,72%,100%,91%,,83%,86%,102%,,43,
"St. Lucie Plant, Unit 2",Saint Lucie 2,05000389,NPF-16,"Jensen Beach, FL (10 MI SE of Ft. Pierce,  FL)",2,Florida Power & Light Co.,"NextEra Energy, Inc. with principal subsidiaries  Florida Power & Light Co. and NextEra Energy Resources, LLC",nexteraenergy.com,,PWR-DRYAMB,CE,EBSO,EBSO,02/05/1977,06/04/1983,08/08/1983,02/10/2003,06/04/2043,3020,,87%,84%,92%,77%,82%,91%,68%,66%,100%,80%,99%,,86%,92%,80%,,36,
"Salem Nuclear Generating Station, Unit 1",Salem 1,05000272,DPR-70,"Hancocks Bridge, NJ (18 MI SE of Wilmington,  DE)",1,"PSEG Nuclear, LLC","PSEG Nuclear, LLC",www.pseg.com,,PWR-DRYAMB,WEST 4LP,PSEG,UE&C,25/09/1968,01/12/1976,30/06/1977,30/06/2011,13/08/2036,3459,,100%,90%,68%,95%,86%,88%,97%,86%,85%,99%,91%,,92%,72%,94%,,43,
"Salem Nuclear Generating Station, Unit 2",Salem 2,05000311,DPR-75,"Hancocks Bridge, NJ (18 MI SE of Wilmington,  DE)",1,"PSEG Nuclear, LLC","PSEG Nuclear, LLC",www.pseg.com,,PWR-DRYAMB,WEST 4LP,PSEG,UE&C,25/09/1968,20/05/1981,13/10/1981,30/06/2011,18/04/2040,3459,,87%,85%,85%,85%,73%,100%,88%,89%,98%,93%,83%,,90%,88%,82%,,38,
"Seabrook Station, Unit 1",Seabrook 1,05000443,NPF-86,"Seabrook, NH (13 MI S of Portsmouth,  NH)",1,"NextEra Energy Seabrook, LLC","NextEra Energy, Inc. with principal subsidiaries  Florida Power & Light Co. and NextEra Energy Resources, LLC",nexteraenergy.com,,PWR-DRYAMB,WEST 4LP,UE&C,UE&C,07/07/1976,15/03/1990,19/08/1990,12/03/2019,15/03/2050,3648,,92%,92%,99%,87%,93%,100%,75%,77%,100%,81%,89%,,89%,100%,91%,,29,
"Sequoyah Nuclear Plant, Unit 1",Sequoyah 1,05000327,DPR-77,"Soddy-Daisy, TN (16 MI NE of Chattanooga,  TN)",2,Tennessee Valley Authority ,Tennessee Valley Authority,www.tva.gov,,PWR-ICECND,WEST 4LP,TVA,TVA,27/05/1970,17/09/1980,01/07/1981,24/09/2015,17/09/2040,3455,,89%,88%,71%,87%,100%,83%,89%,98%,84%,89%,101%,,100%,92%,73%,,39,
"Sequoyah Nuclear Plant, Unit 2",Sequoyah 2,05000328,DPR-79,"Soddy-Daisy, TN (16 MI NE of Chattanooga,  TN)",2,Tennessee Valley Authority ,Tennessee Valley Authority,www.tva.gov,,PWR-ICECND,WEST 4LP,TVA,TVA,27/05/1970,15/09/1981,01/06/1982,25/09/2015,15/09/2041,3455,,88%,83%,90%,73%,90%,90%,77%,89%,97%,89%,89%,,90%,96%,84%,,38,
"Shearon Harris Nuclear Power Plant, Unit 1",Shearon Harris 1,05000400,NPF-63,"New Hill, NC (20 MI SW of Raleigh,  NC)",2,"Duke Energy Progress, LLC",Duke Energy,www.duke-energy.com,,PWR-DRYAMB,WEST 3LP,EBSO,DANI,27/01/1978,24/10/1986,02/05/1987,17/12/2008,24/10/2046,2948,,89%,99%,90%,87%,99%,83%,90%,103%,90%,94%,99%,,101%,89%,92%,,33,
"South Texas Project, Unit 1",South Texas 1,05000498,NPF-76,"Bay City, TX (90 MI SW of Houston, TX)",4,STP Nuclear Operating Co.,STP Nuclear Operating Company,www.stpnoc.com,,PWR-DRYAMB,WEST 4LP,BECH,EBSO,22/12/1975,22/03/1988,25/08/1988,28/09/2017,20/08/2047,3853,,89%,85%,95%,78%,81%,91%,93%,94%,101%,90%,95%,,88%,99%,61%,,31,
"South Texas Project, Unit 2",South Texas 2,05000499,NPF-80,"Bay City, TX (90 MI SW of Houston, TX)",4,STP Nuclear Operating Co.,STP Nuclear Operating Company,www.stpnoc.com,,PWR-DRYAMB,WEST 4LP,BECH,EBSO,22/12/1975,28/03/1989,19/06/1989,28/09/2017,15/12/2048,3853,,90%,97%,88%,85%,103%,59%,72%,88%,88%,101%,95%,,89%,92%,79%,,30,
"Surry Power Station, Unit 1",Surry 1,05000280,DPR-32,"Surry, VA (17 MI NW of Newport News,  VA)",2,Virginia Electric & Power Co.,Dominion Generation,www.dom.com,,PWR-DRYSUB,WEST 3LP,S&W,S&W,25/06/1968,25/05/1972,22/12/1972,20/03/2003,25/05/2032,2587,,87%,101%,96%,76%,99%,91%,92%,101%,89%,94%,98%,,96%,92%,76%,,47,
"Surry Power Station, Unit 2",Surry 2,05000281,DPR-37,"Surry, VA (17 MI NW of Newport News,  VA)",2,Virginia Electric & Power Co.,Dominion Generation,www.dom.com,,PWR-DRYSUB,WEST 3LP,S&W,S&W,25/06/1968,29/01/1973,01/05/1973,20/03/2003,29/01/2033,2587,,88%,93%,101%,82%,95%,101%,91%,76%,100%,92%,94%,,93%,101%,79%,,46,
"Susquehanna Steam Electric Station, Unit 1",Susquehanna 1,05000387,NPF-14,"Salem Township, Luzerne Co., PA (70 MI NE of Harrisburg, PA)",1,"Susquehanna Nuclear, LLC",Talen Energy Corporation,www.talenenergy.com,,BWR-MARK 2,GE 4,BECH,BECH,03/11/1973,17/07/1982,08/06/1983,24/11/2009,17/07/2042,3952,,86%,97%,77%,76%,83%,87%,70%,86%,80%,101%,89%,,95%,80%,96%,,37,
"Susquehanna Steam Electric Station, Unit 2",Susquehanna 2,05000388,NPF-22,"Salem Township, Luzerne Co., PA (70 MI NE of Harrisburg, PA)",1,"Susquehanna Nuclear, LLC",Talen Energy Corporation,www.talenenergy.com,,BWR-MARK 2,GE 4,BECH,BECH,03/11/1973,23/03/1984,12/02/1985,24/11/2009,23/03/2044,3952,,99%,86%,93%,82%,88%,80%,83%,72%,96%,90%,100%,,89%,100%,86%,,35,
"Three Mile Island Nuclear Station, Unit 1",Three Mile Island 1,05000289,DPR-50,"Middletown, PA (10 MI SE of Harrisburg,  PA)",1,"Exelon Generation Co., LLC","Exelon Corporation, LLC",www.exeloncorp.com,,PWR-DRYAMB,B&W LLP,GIL,UE&C,18/05/1968,19/04/1974,02/09/1974,22/10/2009,19/04/2034,2568,,100%,80%,82%,77%,104%,78%,100%,92%,94%,86%,107%,,98%,102%,90%,,45,
Turkey Point Nuclear Generating Unit No. 3,Turkey Point 3,05000250,DPR-31,"Homestead, FL (20 MI S of Miami,  FL)",2,Florida Power & Light Co.,"NextEra Energy, Inc. with principal subsidiaries  Florida Power & Light Co. and NextEra Energy Resources, LLC",www.fplgroup.com,,PWR-DRYAMB,WEST 3LP,BECH,BECH,27/04/1967,19/07/1972,14/12/1972,06/06/2002,19/07/2032,2644,,89%,80%,93%,78%,84%,81%,40%,96%,88%,86%,101%,,96%,78%,90%,,47,
Turkey Point Nuclear Generating Unit No. 4,Turkey Point 4,05000251,DPR-41,"Homestead, FL (20 MI S of Miami,  FL)",2,Florida Power & Light Co.,"NextEra Energy, Inc. with principal subsidiaries  Florida Power & Light Co. and NextEra Energy Resources, LLC",www.fplgroup.com,,PWR-DRYAMB,WEST 3LP,BECH,BECH,27/04/1967,10/04/1973,07/09/1973,06/06/2002,10/04/2033,2644,,100%,98%,99%,106%,88%,70%,85%,84%,98%,99%,89%,,89%,70%,,,46,
"Virgil C. Summer Nuclear Station, Unit 1",Summer,05000395,NPF-12,"Jenkinsville, SC (26 MI NW of Columbia,  SC)",2,South Carolina Electric & Gas Co.,South Carolina Electric & Gas Company,www.sceg.com,,PWR-DRYAMB,WEST 3LP,GIL,DANI,21/03/1973,12/11/1982,01/01/1984,23/04/2004,06/08/2042,2900,,85%,77%,96%,79%,81%,93%,86%,88%,100%,81%,87%,,88%,97%,87%,,37,
"Vogtle Electric Generating Plant, Unit 1",Vogtle 1,05000424,NPF-68,"Waynesboro, GA (26 MI SE of Augusta,  GA)",2,Southern Nuclear Operating Co. ,Southern Nuclear Operating Company,www.southerncompany.com,,PWR-DRYAMB,WEST 4LP,SBEC,GPC,28/06/1974,16/03/1987,01/06/1987,03/06/2009,16/01/2047,3625.6,,93%,93%,101%,91%,87%,101%,91%,92%,102%,91%,93%,,91%,100%,93%,,32,
"Vogtle Electric Generating Plant, Unit 2",Vogtle 2,05000425,NPF-81,"Waynesboro, GA (26 MI SE of Augusta,  GA)",2,Southern Nuclear Operating Co. ,Southern Nuclear Operating Company,www.southerncompany.com,,PWR-DRYAMB,WEST 4LP,SBEC,GPC,28/06/1974,31/03/1989,20/05/1989,03/06/2009,09/02/2049,3625.6,,100%,96%,94%,100%,92%,87%,102%,94%,93%,101%,88%,,85%,91%,97%,,30,
"Waterford Steam Electric Station, Unit 3",Waterford 3,05000382,NPF-38,"Killona, LA (25 MI W of New Orleans,  LA)",4,"Entergy Operations, Inc.","Entergy Nuclear Operations, Inc.",www.entergy-nuclear.com,,PWR-DRYAMB,COMB CE,EBSO,EBSO,14/11/1974,16/03/1985,24/09/1985,27/12/2018,18/12/2044,3716,,100%,80%,96%,80%,90%,89%,77%,82%,100%,87%,89%,,78%,101%,89%,,34,
"Watts Bar Nuclear Plant, Unit 1",Watts Bar 1,05000390,NPF-90,"Spring City, TN (60 MI SW of Knoxville,  TN)",2,Tennessee Valley Authority ,Tennessee Valley Authority,www.tva.gov,,PWR-ICECND,WEST 4LP,TVA,TVA,23/01/1973,07/02/1996,27/05/1996,N/A,09/11/2035,3459,,87%,77%,85%,76%,89%,90%,87%,84%,99%,94%,82%,,90%,100%,87%,,23,
"Watts Bar Nuclear Plant, Unit 2",Watts Bar 2,05000391,NPF-96,"Spring City, TN (60 MI SW of Knoxville,  TN)",2,Tennessee Valley Authority ,Tennessee Valley Authority,www.tva.gov,,PWR-ICECND,WEST 4LP,TVA,TVA,24/01/1973,22/10/2015,19/10/2016,N/A,22/10/2055,3411,,95%,45%,26%,0%,,,,,,,,,,,,,4,
"Wolf Creek Generating Station, Unit 1",Wolf Creek 1,05000482,NPF-42,"Burlington (Coffey County), KS (28 MI SE of Emporia, KS)",4,Wolf Creek Nuclear Operating Corp.,Wolf Creek Nuclear Operating Corporation,www.wcnoc.com,Strategic Teaming and Resource Sharing (STARS) group. They share resources for refueling outages and develop some shared licensing applications.,PWR-DRYAMB,WEST 4LP,BECH,DANI,17/05/1977,04/06/1985,03/09/1985,20/11/2008,11/03/2045,3565,"The original OL (NPF-32) was issued on March 11, 1985. This license was superseded by OL( NPF-42) issued on June 4, 1985.",86%,96%,74%,78%,83%,65%,80%,72%,86%,86%,83%,,86%,99%,87%,,34,
